asin,rating,date,verified,helpfulVotes,brand,product,averageRating,totalReviews,mergedReviewText,verification_status,sentimentLabel
B07NZVM3RN,5,24-Sep-19,TRUE,0,Samsung,"Samsung Galaxy S10e 128GB+6GB RAM SM-G970 Dual Sim 5.8"" LTE Factory Unlocked Smartphone (International Model) (Prism Black)",4.5,213,Very good It's jus what I expected it to be,Verified,Positive
B072KPG9PN,1,17-May-18,TRUE,4,Samsung,"Samsung Galaxy J3 Prime J327A 16GB 4G LTE 7.0 Nougat 5"" GSM Unlocked - Black",3.7,183,One Star The phone I received seemed to be a used phone highly unacceptable,Verified,Negative
B07VD3JH2C,5,4-Dec-19,TRUE,0,Xiaomi,"Xiaomi Mi A3 64GB + 4GB RAM, Triple Camera, 4G LTE Smartphone - International Global Version (Not just Blue)",4.5,252,Mejor calidad precio que hay Excelente terminal solo porfa agregar el adaptador para cargar para nosotras en centro Am√©rica por lo dem√°s excelente,Verified,Neutral
B07WSJYDXX,3,21-Apr-19,TRUE,0,Motorola,Motorola G6 ‚Äì 32 GB ‚Äì Unlocked (AT&T/Sprint/T-Mobile/Verizon) ‚Äì Deep Indigo - (U.S. Warranty) - PAAE0011US,3.9,836,It doesn't have NFC reader It is good and cheap. But it appeared that it doesn't have NFC reader. For some reason network was extremely unstable until I reset network settings.,Verified,Neutral
B01DZ2CS4U,3,29-Oct-17,TRUE,0,Samsung,Samsung Galaxy S7 32GB G930V Unlocked - Black,3.2,250,I expect to use it with any service company other ... I expect to use it with any service company other than Verizon but unfortunately not working .so I shift my plan to Verizon. This is the only problem.,Verified,Neutral
B00JEHJMG8,5,15-Aug-15,TRUE,0,Samsung,Samsung Galaxy S4 16GB SPH-L720 4G LTE Android - Sprint (Blue),3.3,135,"Great phone. Like New! I bought this as a gift for my daughter and she loves it. The phone works fine and was able to be hooked up with her carrier, Sprint.",Verified,Positive
B01K5R3GXK,5,12-Jan-18,TRUE,0,Motorola,Motorola DROID Turbo XT1254 32GB Verizon Black Ballistic Nylon (Renewed),3.2,77,Five Stars Works good so far.,Verified,Positive
B00836Y6B2,2,19-Jan-14,TRUE,0,Nokia,Nokia Lumia 900 Black Factory Unlocked,3.2,929,Don't use Tmoblie with this At&t phone The phone had great features but I could not get picture messages or group messages nor could I send them. I have had the phone for a few months and now my battery does not last within the day even when I am not using it. I would not buy this phone,Verified,Negative
B0096QYH80,4,25-Sep-14,TRUE,1,Motorola,"Motorola Droid RAZR M XT907 Verizon Wireless, 8GB, White",3,488,"All in all seller was great and deserves 5 stars but phone itself would be ... we bought this phone as a replacement to a dead iPhone 5 with intention to use it for 2 months untill the next contract upgrade. Product arrived on time and it was exactly as described. It came in Veriyon box with a travel charger, instruction manual and an online service voucher. We did have problems with finding a matching sim ( micro sim) card in our local stores so we ended up waiting for over a week to get one from verison. The phone mostly works very well. It did not want to charge a few times and once we couldn't shut down the alarmclock off, but those are issues I would bring to the manufacturer. All in all seller was great and deserves 5 stars but phone itself would be somwhere beetween 3 and 4 stars.",Verified,Positive
B00O15MWOM,5,13-Feb-15,TRUE,0,Nokia,Nokia Lumia 530 White - No Contract (T-Mobile),3.2,378,Five Stars Everything I wanted,Verified,Positive
B00CEKXJ3Y,5,11-Oct-13,TRUE,1,Samsung,"Samsung Galaxy S4, Black Mist 16GB (Sprint)",3.5,561,"Wonderful phone! This is my first venture into the smart phone world and it has been great!! I work in real estate and the large screen is very handy when viewing images and setting appointments. I always laugh when I see other agents squinting at their tiny i-phone screens, I definitely made the right choice.",Verified,Positive
B01FJT7E3M,4,24-Feb-17,TRUE,0,Sony,"Sony Xperia XA Ultra (F3213) 4G LTE Unlocked GSM Phone w/ 6‚Äù Borderless Display, 21.5MP+16MP Cameras, Octa-Core CPU - White",3.6,441,Four Stars The phone is wonderful and all but i did not receive a headset.....,Verified,Positive
B07W14HFQP,4,12-Nov-18,TRUE,0,Motorola,Motorola Moto G4 Play (4th Generation) 16GB 4G LTE Unlocked ONLY GSM 5 Inches International Version No Warranty (White),3.6,133,"Value for money The phone is pretty hood for general use. It is fast in terms of everyday ise. Photo quality is ok, it is not bad. Touch and feel is good. Robust build. At the price point for everyday use the phone is amazing",Verified,Positive
B076XLLCQC,5,24-May-19,TRUE,0,Samsung,Samsung Galaxy Note 8 N950 Factory Unlocked Phone 64GB Midnight Black (Renewed),4,891,"This stuff is fantastic I think this product is very good and useful, I like it a lot",Verified,Positive
B072ZWCKP5,5,10-Nov-18,FALSE,1,Motorola,Motorola XT1775 Moto E Plus (4th Gen.) 32GB Unlocked Fine Gold Smartphone,4.2,336,"Love this phone I am not a power user so take this review with a grain of salt. I hated it at first as it was hard for me to cope with the change from an Iphone but after a month was in love with it. For me the battery will last about 4-5 days though it is mostly on stand by. Still, my Iphone on standby would drain in less than a day. It is feature packed and the processor is plenty fast for me. It is a bit bigger, which Im not a fan of but I expected that because of the battery being almost twice the capacit of the regular E4. I have had mine for over a year and everything still works perfect and have not noticed the battery wearing out yet, knock on wood. You can buy a replacement battery on ebay and ever get the tool for the tiny 5 point star pattern they have locking the battery in. It is a pain but totally doable. It is a bargain if you are a lite user like myself.",Not Verified,Positive
B07NZX5BKH,5,28-Feb-19,TRUE,17,Samsung,"Samsung Galaxy S10+ Plus 128GB+8GB RAM SM-G975F/DS Dual Sim 6.4"" LTE Factory Unlocked Smartphone International Model, No Warranty (Prism Black)",4.3,193,"Real S10+ week early Phone came a week early, no issues I am a happy customer. Got mine 2/27/19",Verified,Positive
B07VZL3L5V,1,19-Nov-19,TRUE,0,Samsung,"Samsung Galaxy A20 US Version Factory Unlocked Cell Phone with 32GB Memory, 6.4"" Screen, [SM-A205UZKAXAA], 12 Month Samsung US Warranty, GSM & CDMA Compatible, Black",4.4,915,Sound picture internet This phone was the worst thing I ever order from Amazon don't get me wrong it's pretty but it don't work it gets too hot on your ear internet doesn't work you barely can hear people when they call you and talk on the phone Cabaret no good maybe I just got a bad the fact the phone but anyone is planning on purchasing this phone think twice it's a waste of your mone...7 I got so mad about the phone because of all these problems and issues it wouldn't even cut off about 4 days I'll just throw the phone in the garbage.,Verified,Negative
B07PQSYGKB,5,11-Dec-19,TRUE,0,OnePlus,OnePlus 6T A6013 128GB Mirror Black - T-Mobile (Renewed),4.3,52,Exelente Exelente telefon. Lo mejor por el precio que pague,Verified,Positive
B0096QYH80,5,4-Feb-15,TRUE,0,Motorola,"Motorola Droid RAZR M XT907 Verizon Wireless, 8GB, White",3,488,Five Stars Excelente!,Verified,Positive
B01NB1KG8U,3,25-Sep-19,TRUE,0,Samsung,Samsung Galaxy S7 Edge G935A 32GB Gold - Unlocked GSM (Renewed),4,308,Piece of junk. The biggest mistake I made.,Verified,Negative
B06XRG6S73,1,3-Oct-18,TRUE,4,Apple,"Apple iPhone 6S, 16GB, Rose Gold - For AT&T / T-Mobile (Renewed)",3.7,379,"Does not work with CDMA carriers The phone itself was good: the screen was in good condition and there were only a few nicks here and there. However, after calling Virgin Mobile (which is under Sprint), I was told the phone was not compatible with my provider. Very disappointed. If it doesn't work with CDMA carriers, don't put that in the description.",Verified,Positive
B071JP8XDJ,5,16-Jan-18,TRUE,0,Sony,Sony Xperia XA1 Ultra G3223 32GB Unlocked GSM LTE Octa-Core Phone w/ 23MP - Gold,3.6,313,"Excellent phone. Fast and responsive Excellent phone. Fast and responsive. Easy to use. Unlocked. I use it with MetroPCS and I had no issue when i took it in, they just plug and play your simcard from your old phone (I had an iphone 4S). Doesn't cost you a cent to activate it or pay for a new sim. (If they try to charge you, refuse, and tell them to make it work with your previous SIM!!). Also, aesthetically, the phone looks awesome. Great screen display, camera quality. BUY IT. Get the phone from the seller ""99Direct"". Just bought it from them and it looks brand spanking new, works like new as well.",Verified,Positive
B077578VXH,5,8-Nov-19,TRUE,0,Apple,"Apple iPhone 8, GSM Unlocked, 64GB - Gold (Renewed)",4.2,72,So Far So Good(: Mint condition sans 1 minor blemish on the lower left corner (which is now covered up by my phone case)! I have Metro by T-Mobile (i.e. Metro PCS) and had no trouble activating/using this phone immediately!! (:,Verified,Positive
B075FLG6MV,4,25-Aug-18,TRUE,0,Nokia,"Nokia 2 - Android - 8GB - Dual SIM Unlocked Smartphone (AT&T/T-Mobile/MetroPCS/Cricket/H2O) - 5"" Screen - Black - U.S. Warranty",3.1,359,"Great Phone, not so great camera. The material feels and look good, so far no lag or freeze. The camera just isn't that great.",Verified,Positive
B07643YNY8,5,18-Jun-19,TRUE,0,Apple,"Apple iPhone SE, 32GB, Gold - For AT&T / T-Mobile (Renewed)",3.8,61,almost new! almost new! a gift sent to a 12 yr old nephew who is in Asia. He was happy. Thank you.,Verified,Positive
B01FJT7N4W,5,8-Oct-17,TRUE,2,Sony,Sony Xperia X F5121 32GB GSM 23MP Camera Phone - Graphite Black,3.8,200,"Sony Xperia X Another quality Sony product for my collection. Yes there are some quirks but if you have ever owned anything Sony before you should expect that. I love the build quality of the phone. It's my hi-res audio player, PS4 remote player, really nice mega pixel camera, great triluminous tv, and,oh yeah, phone.",Verified,Positive
B07C6FCC8G,4,4-Sep-18,TRUE,0,HUAWEI,"Huawei Mate 10 Pro Unlocked Phone, 6"" 6GB/128GB, AI Processor, Dual Leica Camera, Water Resistant IP67, GSM Only - Mocha Brown (US Warranty)",4.4,602,Nice looking phone Very nice looking phone camera is pretty good. The volume is not high wish the speakers work better.,Verified,Positive
B06XW9RMYW,5,26-Sep-17,TRUE,3,Samsung,"Samsung Galaxy S7 Active G891A 32GB Unlocked GSM Shatter,Dust and Water Resistant Smartphone w/ 12MP Camera (AT&T) - Sandy Gold",3.5,160,"As Expected or Better I paid a little extra and opted for the expedited shipping. The phone arrived within 4 days (over a weekend) which was just prior to the beginning of the expected delivery window. The phone was advertised as ""very good"". I would judge it to be at least at that level. There were no obvious signs of wear. It also came with a Samsung charger/cable, Samsung earphones and a SIM card extraction tool. Out of the box, the phone had about a 90% charge and went directly to the set-up application and was working in short order. It's been less than 24 hours since I received it but so far I have no complaints.",Verified,Positive
B01FJT7E3M,1,22-Aug-16,FALSE,8,Sony,"Sony Xperia XA Ultra (F3213) 4G LTE Unlocked GSM Phone w/ 6‚Äù Borderless Display, 21.5MP+16MP Cameras, Octa-Core CPU - White",3.6,441,"Should have read Amazon reviews first. Note your carrier before purchase. Oops, should have followed the 1 star reviews closely. Went through three from a B&M store. First one had no service. Second the LTE dropped at fixed intervals. I couldn't make a call unless I forced it to old 4G (HSDPA). Thought this was a fluke. Third phone had the same issue. I really like the way this phone looks and feels, however, if a phone can't make a call or go online with LTE... All 3 phones had a grueling 250mb software update out of the box. Tried with both AT&T and Cricket, and both had LTE disconnecting like clockwork. I've never seen this in a phone before... Let alone a SONY. This is the 5 generation (or is it 6th) of SONY I've purchased, and I cannot believe this passed SONY quality assurance like THIS. AT&T is not exactly an unknown phone carrier either.",Not Verified,Negative
B07N91S9MW,5,15-Dec-19,TRUE,0,Motorola,"Moto G7 ‚Äì Unlocked ‚Äì 64 GB ‚Äì Ceramic Black (US Warranty) - Verizon, AT&T, T-Mobile, Sprint, Boost, Cricket, & Metro",4.1,361,Rocking the G7 Fantastic phone recommended to me by a friend. So many functions with a fantastic battery life. I wasn't disappointed in any way with this phone.,Verified,Positive
B07JMPGNHK,5,2-Jun-19,TRUE,0,Xiaomi,"Xiaomi Mi 8 Lite (64GB, 4GB RAM) 6.26"" Full Screen Display, Snapdragon 660, Dual AI Camera's, Factory Unlocked Phone - International Global 4G LTE Version (Black)",4.5,242,Excelente Excelente calidad de imagen,Verified,Positive
B00OZTSY6Y,1,3-Feb-18,TRUE,5,Motorola,"Motorola DROID Turbo XT1254, Black Ballistic Nylon 32GB (Verizon Wireless)",3.6,545,"Maybe its just me but.... Purchased the ""new"" phone so I wouldn't have problems with a refurbed one as this is my business phone. I have to restart the phone everyday to correct glitches. The touch screen is dumb. I have to mash buttons several times for it to recognize what I am trying to select. To place a call I have to enter the number several times before it will finally connect. It was a pain to switch everything over to the new phone so I am paranoid about trying to get another one. What a joke.",Verified,Negative
B00JEHJMG8,5,1-Dec-18,TRUE,0,Samsung,Samsung Galaxy S4 16GB SPH-L720 4G LTE Android - Sprint (Blue),3.3,135,"Great if you know what you want it for The phone is great, its in great condition and works perfect. I bought with the sole purpose of using it as a wifi device and music player.",Verified,Positive
B00LAEA84S,3,22-Jan-17,TRUE,0,Samsung,Samsung Galaxy S5 G900V Verizon 4G LTE Smartphone w/ 16MP Camera - Black - Verizon,3.2,627,Three Stars for a samsum i dont like it breack very fast!!! i am not happyüò£,Verified,Neutral
B07H445L82,5,27-Nov-19,TRUE,0,Samsung,Samsung SM-J737VZKAVZW Galaxy J7 V 16GB (2018) 2nd Edition for Verizon (Renewed),3.6,15,Great product and awesome price. Professional Service. Purchased for personal use. Very pleased with the product,Verified,Positive
B07VZL1W7K,5,8-Nov-19,TRUE,4,Samsung,"Samsung Galaxy A50 US Version Factory Unlocked Cell Phone with 64GB Memory, 6.4"" Screen, Black, [SM-A505UZKNXAA]",4,288,10/10 So worth the purchase! The Galaxy A50 is much more advanced than the Galaxy s10. Larger screen perfect for seeing what you're doing. I love the 64GB storage because my last phone it was pulling pins & needles just to have all of my apps & pictures at once. 10/10 would reccomend & buy again. Thank you!,Verified,Positive
B01FJT7E3M,4,2-Aug-16,TRUE,1,Sony,"Sony Xperia XA Ultra (F3213) 4G LTE Unlocked GSM Phone w/ 6‚Äù Borderless Display, 21.5MP+16MP Cameras, Octa-Core CPU - White",3.6,441,"Recommended Really like this phone. The screen is amazing and its body doesn't feel so heavy, both cameras take excellent photos, but selfies cam is the best. Apps run fast and price is affordable.",Verified,Positive
B07753NSQZ,4,17-Dec-19,TRUE,0,Apple,"Apple iPhone 8, GSM Unlocked, 256GB - Space Gray (Renewed)",4,96,Works great but cosmetics aren't great. Mine has what looks to be a couple of fingerprint smudges under the glass from when it was refurbished. Other than that annoying thing the phone works great.,Verified,Neutral
B00F2SKPIM,5,27-Jan-14,TRUE,1,Samsung,"Samsung Galaxy Note 3, Black 32GB (Verizon Wireless)",3.9,983,"Glad I got this! I like the big screen and so many smart features. I've owned iPhone for about 4 years and I got tired of its small screen. Even some of the apps on it are better that of iPhone. I also like how you can type and correct at the middle of a word which iPhone does not allow. Also this phone is faster. Oh, one important thing that I almost forgot is that you don't need to go through any program like iTune to upload music and photos. You can download directly from computer to the phone. This phone is easier to use than I thought. I like it very much!",Verified,Positive
B07FZH9BGV,1,2-Sep-19,TRUE,1,Samsung,"Samsung Galaxy Note 9 Factory Unlocked Phone with 6.4"" Screen and 128GB (U.S. Warranty), Ocean Blue",4.1,873,Watch before u buy I fall in love with this phone the first time I got it but I eventually return it back because it doesn‚Äôt work with any network in U.S.,Verified,Negative
B00CGIULGC,1,17-Oct-14,FALSE,0,Samsung,Samsung Galaxy Rugby Pro 4G LTE I547 Unlocked Android Ruggedized Smart Phone,3.2,365,"disappointed Very disappointed. screen cracked while in my husband's pocket, did not need to be dropped or run over. When the back cover was removed, it was full of dust and dirt. so much for dustproof! Good phone otherwise but is not tough as advertised.",Not Verified,Negative
B079142R7Y,2,26-Aug-18,TRUE,1,ASUS,ASUS ZenFone Max Plus ZB570TL-MT67-3G32G-BL - 5.7‚Äù 1920x1080-3GB RAM - 32GB storage - LTE Unlocked Dual SIM Cell Phone - US Warranty - Silver,3.5,155,"Defects on the screen The new phone that I have just purchased has irregularities in the polishing of the screen, which seems to be always tarnished or with a watermark. this is affecting the quality of the product and its cost as my experience in enjoying a phone purchased and valued as a new one.",Verified,Negative
B07YJHXZT6,5,9-Dec-19,TRUE,0,Xiaomi,"Xiaomi Redmi Note 8 64GB + 4GB RAM, 6.3"" LTE 48MP Factory Unlocked GSM Smartphone - International Version (Moonlight White)",4.6,103,OK OK,Verified,Positive
B00MWI4KKE,5,15-Aug-15,FALSE,1,Motorola,"Motorola Moto X (2nd generation) XT1097 GSM Unlocked Cellphone, 16GB, Black Soft Touch",3.5,428,"Almost Perfect First of all I've owned several smartphones my last being the Samsung Galaxy s3 the phone before that the fascinate. I always rooted my phones and put custom roms on them cause they took months for firmware updates. This phone is nearly perfect the software is amazing nothing extra exactly what you want unlike Samsung phones LOADED with bloatware most people will never use. This phone is blazing fast, a battery that lasts me all day pretty easy and looks and feels fantastic not to mention the screen looks gorgeous as well. The one complaint I would have is the camera doesn't always focus. I personally don't use my camera all that much but my girlfriend likes to spam pictures and alot of them aren't so great even though they are very high quality. Pop a otterbox(completely worth the 50 bucks) on this puppy you got yourself a gorgeous phone that's fast doesn't exactly what you want and nothing else with no bloatware and is only 300 dollars brand freaking new. Buy it now you won't regret it unless your a picture junkie.",Not Verified,Neutral
B0787V183F,2,15-Feb-19,TRUE,1,Google,"Google Pixel 2 64 GB, Black Factory Unlocked (Renewed)",3.7,363,Lower end of the screen has come out I have got a refurbished Google pixel 2 today. It was disappointed to see its Lower end of the screen has come out and because of it creates a noise while typing. It is very annoying to hear that tapping noise.,Verified,Negative
B06XRJXL3R,1,3-Oct-19,TRUE,4,Apple,Apple iPhone 7 Plus 256GB Unlocked GSM Quad-Core Phone - Black (Renewed),4.1,153,"Beat up phone The phone arrived in a plain white box. It‚Äôs got the charging devices inside it. However, it‚Äôs got a scratch in the middle of the screen. Its got several scratches on the back of the phone are beside the front facing camera. I‚Äôve also observed it to be quite filthy around the edges. Its got this brown sediment trapped around the edge. It does not look renewed/refurbished. This is basically second hand, just a little worse. I‚Äôm terribly disappointed by this purchase and I will be returning it. I don‚Äôt trust Amazon‚Äôs phone renewal service anymore...",Verified,Negative
B01LY3OB8D,2,15-Mar-18,TRUE,2,Google,Google Pixel XL Phone 32GB - 5.5 inch display ( Factory Unlocked US Version ) (Very Silver),3.9,455,"it's been working fine so far The phone either won't hold a charge, or both of the chargers that came with it are faulty. Other than that, it's been working fine so far.",Verified,Neutral
B07D6TQP6F,5,14-Nov-19,TRUE,0,Apple,"Apple iPhone X, 256GB, Silver - For AT&T (Renewed)",3.9,436,Perfect phone Exactly what I expected.,Verified,Positive
B01NB1KG8U,5,18-Dec-19,TRUE,0,Samsung,Samsung Galaxy S7 Edge G935A 32GB Gold - Unlocked GSM (Renewed),4,308,Good performance Working perfect,Verified,Positive
B07K2FZYKV,5,24-Apr-19,TRUE,1,Samsung,"Samsung Galaxy J7 2018 (16GB) J737A - 5.5 HD Display, Android 8.0, Octa-core 4G LTE at&T Unlocked Smartphone (Black)",4,54,nice phone haven't gotten into it much but like the look and feel of the phone. also bought a great case on amazon that is really unique. don't know about fingerprint reader. don't know if I want to do that or not.,Verified,Positive
B07D6TQP6F,3,14-Oct-19,TRUE,0,Apple,"Apple iPhone X, 256GB, Silver - For AT&T (Renewed)",3.9,436,Plus it supposed be 256 & it already says it out of storage plus I pay 2.99 a month for extra I like but sometimes it starts out ringing normal then goes way low,Verified,Negative
B01N9XOXCK,5,26-Sep-17,TRUE,0,Samsung,Samsung Galaxy S7 Edge G935V 32GB Gold - Verizon (Renewed),3.8,606,Five Stars I absolutely love it.,Verified,Positive
B00CQAODG4,5,14-Jan-18,TRUE,0,Nokia,"Nokia Lumia 928, White 32GB (Verizon Wireless)",3.2,349,"Large screen size, even has Microsoft Office Love this phone. It's like a laptop with a phone phone number.",Verified,Positive
B07536MYBQ,5,10-Sep-17,FALSE,10,Samsung,Samsung Galaxy Note8 N950U 64GB Unlocked GSM LTE Android Phone w/ Dual 12 Megapixel Camera - Midnight Black,3.9,546,Such a great phone I hate complainers.they are everywhere.This is such a wonderful phone.what the hell is wrong with u?Go and buy iPhone and use it without a pen.,Not Verified,Positive
B00WHE2WCG,5,9-Dec-16,TRUE,1,Samsung,Samsung Galaxy S6 G920A 32GB Unlocked GSM 4G LTE Octa-Core Android Smartphone with 16MP Camera - Black Sapphire,2.9,338,Best Value Received in top notch condition. Charger included.,Verified,Positive
B07PY52GVP,5,19-Aug-19,FALSE,0,Xiaomi,"Xiaomi Redmi Note 7, 64GB/4GB RAM, 6.30'' FHD+, Snapdragon 660, Black - Unlocked Global Version",4.4,630,Buyer will love the brand Excellent Android phone of its kind.!,Not Verified,Positive
B07FXRR28W,5,4-Aug-19,TRUE,0,Samsung,Samsung Galaxy Note 5 SM-N920T 32GB Platinum Gold - T-Mobile,3.7,9,Great product Delivered fast great product,Verified,Positive
B00OEK6TWU,5,3-Jun-15,TRUE,0,Samsung,Samsung Galaxy Note 3 N900A 32GB Unlocked GSM Octa-Core Smartphone w/ 13MP Camera - Black,3.6,431,I am in love with this phone Very reliable phone. I would highly recommend it!,Verified,Positive
B006OU39QW,5,25-Nov-14,TRUE,0,Samsung,Verizon Samsung Convoy U660 No Contract Rugged PTT Cell Phone Grey Verizon,4.1,252,Five Stars Worked great,Verified,Positive
B0787V183F,2,23-May-19,TRUE,0,Google,"Google Pixel 2 64 GB, Black Factory Unlocked (Renewed)",3.7,363,"device management software... could not boot device. had ""intelligent hub"" app installed on it, requiring a token/key from previous owner/admin in order to boot. I was locked out.",Verified,Negative
B00A2V7BA4,5,19-Dec-12,FALSE,8,Nokia,"Nokia Lumia 920, Black 32GB (AT&T)",3.4,468,"Great Phone I upgraded from a nexus one which was a couple years old, so most phones on the market would be an improvement. That said, I was surprised at how good this phone is. Here are the things I love about the phone compared to my older phone (newer phones might also do this): - Fantastic camera - Offline maps and offline navigation. I opted to not have a data plan at all, so this was essential. Even without data, I can use the maps to get anywhere. - The wireless charger is cool - The onenote app is awesome. I used evernote on the nexus and one time it deleted something I had written (it might have been an edge case). Anyway, I like the onenote app better and it integrates with how I take notes on my desktop machines. - Little things - I like how you can lock your screen, but configure how long it stays unlocked if you've used it recently. I like how you can press the button to take a picture even if the screen is locked (I'm sure other phones do this too, but my nexus didn't). When it's charging the little icon alternates between percentage and the charging icon (the nexus just had the charging icon). - I'm not an IE fan on the Desktop, but IE 10 on mobile is pretty slick. It might be my favorite mobile browser (on the nexus one I used the stock android browser,Firefox, and opera, but chrome wasn't available) It's a great phone, I recommend it!",Not Verified,Positive
B01JAWWVXW,5,25-Jul-18,TRUE,0,Apple,"Apple iPhone 6S Plus, 16GB, Silver - For AT&T / T-Mobile (Renewed)",4.1,195,Best Excellent condition,Verified,Positive
B01CJ3SCJ6,1,17-Apr-19,TRUE,0,Samsung,Samsung Galaxy S7 32GB Unlocked (Verizon Wireless) - Gold,3.2,250,Not unlocked This is a locked phone from Verizon. Stated unlocked. Can't get it to work right,Verified,Negative
B07HKQJ6H1,5,22-Nov-19,TRUE,0,Google,Google Pixel Phone 3-64GB Clearly White (Renewed),3.9,99,Love this phone What a great phone. It actually fits in my hand and I can reach both sides of the screen with the same finger. Great camera. Quick start up. Had a little difficulty getting my carrier service to work at first but it was operator error.,Verified,Positive
B01D1J9BGU,3,4-Sep-18,TRUE,0,Samsung,Samsung Galaxy S7 Edge G935FD 32GB Unlocked GSM 4G LTE,3.8,783,If this was a new phone at all Dissatisfied that after 9 months the proximity sensor on my phone doesn‚Äôt work,Verified,Negative
B07VD3JH2C,5,10-Dec-19,TRUE,0,Xiaomi,"Xiaomi Mi A3 64GB + 4GB RAM, Triple Camera, 4G LTE Smartphone - International Global Version (Not just Blue)",4.5,252,"This is an excellent phone for the price, beyond expectation. I've heard all the complaints online: the resolution sucks, the finger scanner sucks, the screen brightness sucks. A: You cannot tell this has a 720p resolution, and the phone runs SMOOTH. Period. B: The scanner works well, IF you give it the correct placement. It's guilty of being very sensitive. That's a good thing. C: The brightness can need adjusting in the daylight, that I will not argue. But it's manageable. The battery? Amazing. I've pushed this thing with graphic intensive apps, and by the end of the day, still had somewhere around 70% of the battery left. I mostly use for phone and text. But if you have apps that stay on in the background, like twitter or other social media energy vampires, expect it to go faster. And the camera is awesome. Going from a Acatel Idol 5 to this, it's like night an day. It's not going to wow Photography aficionados, but to the rest of us, this camera screams to be used. The three lenses (48 megapixel main, 5mp width and 2mp depth) help create a smooth and detailed shot. Warning: you better get yourself a really good screen protector if you're a serial klutz. This screen cracked with my BESTALICE case for the Mi A3, and when the protector cracked, it gave me a hairline crack to the actual screen. If you treat your phone like you treat your laundry, look elsewhere. This phone is not designed for careless people.",Verified,Positive
B07FZH9BGV,5,11-Jan-19,TRUE,0,Samsung,"Samsung Galaxy Note 9 Factory Unlocked Phone with 6.4"" Screen and 128GB (U.S. Warranty), Ocean Blue",4.1,873,Mi wife loves it. Bought this for my wife as a present and she really loves it. The battery last all day.,Verified,Positive
B011AC4U7A,5,2-Jul-16,TRUE,0,Samsung,Samsung Galaxy S6 G920T 32GB Unlocked GSM 4G LTE Octa-Core Android Smartphone w/ 16MP Camera - Black,3.3,142,EXCELLENT Came exactly as described and earlier than the original time plus it's super fast,Verified,Positive
B00LAEA84S,5,16-Apr-17,TRUE,0,Samsung,Samsung Galaxy S5 G900V Verizon 4G LTE Smartphone w/ 16MP Camera - Black - Verizon,3.2,627,Recommend you buy a micro sim as it does not ... Works with Verizon in the US. Had to switch my phone after the last one broke. Recommend you buy a micro sim as it does not come with it.Great phone and brand new,Verified,Negative
B01NB1KG8U,4,4-Mar-19,TRUE,0,Samsung,Samsung Galaxy S7 Edge G935A 32GB Gold - Unlocked GSM (Renewed),4,308,Good phone! Love the phone. Hate the battery life. And it takes a while to charge. But good for the price I love it.,Verified,Neutral
B06Y14K2C6,5,22-Dec-19,TRUE,0,Samsung,"Samsung Galaxy S8+ 64GB Phone -6.2"" display - T-Mobile Unlocked (Arctic Silver)",4.1,83,Great buy It's a great buy no problems or scratches,Verified,Positive
B00JEHJMG8,5,20-Jul-17,TRUE,0,Samsung,Samsung Galaxy S4 16GB SPH-L720 4G LTE Android - Sprint (Blue),3.3,135,"I would buy again... Was perfect, exactly as described",Verified,Positive
B07FM9913M,3,15-Oct-18,FALSE,3,Xiaomi,"Unlocked GOLD Xiaomi Mi A2, 4GB 64GB, Dual SIM standby, Global Version, 5.5 inch Smartphone Android One, Dual Rear 12.0MP Camera Snapdragon 625",4.2,453,"sound output!!! the sound output is so low if you are interested about volume output quality dont buy it to my shock everything was fine and the phone is great by it self super fast and smooth but i didnt expect the volume output to be so low i have used headphones and bluetooth speaker and bluetooth car stereo system , each one of them was worse than the other",Not Verified,Negative
B07HFHX6HX,1,1-Dec-19,TRUE,1,Samsung,Samsung Galaxy Note 8 N950U 64GB Unlocked GSM 4G LTE Android Smartphone w/Dual 12 MegaPixel Camera (Renewed) (Midnight Black),4.2,551,Not happy for the first time but I need a phone because of my job I got it in bad shape dents a long scratch on the screen I never got anything in bad shape and there is always a first time for everything,Verified,Positive
B07Q26V49K,5,25-Jun-19,TRUE,0,Xiaomi,"Xiaomi Redmi Note 7, 64GB/4GB RAM, 6.30'' FHD+, Snapdragon 660, Blue - Unlocked Global Version, No Warranty",4.5,471,Speaker could be in a better spot. Kool,Verified,Positive
B07WSJYDXX,3,16-May-19,TRUE,0,Motorola,Motorola G6 ‚Äì 32 GB ‚Äì Unlocked (AT&T/Sprint/T-Mobile/Verizon) ‚Äì Deep Indigo - (U.S. Warranty) - PAAE0011US,3.9,836,"Meh. I wanted a cheap phone this time around and bought this one based off of many positive reviews from consumers and professional reviewers. The camera is not good. It was worse than the 3 year old mid level phone I was replacing. I can't find any settings to increase the file size for quality so I think it's as good as it gets. The pictures just always look a little low res and blurry. It is also slow. I don't have a ton of apps installed but maybe one of them is giving me trouble. I do get great battery life and it charges fast over usb-c. Size, form factor, and screen are all good enough for the price. Call sound quality is good. I wish I had spent a bit more money and got something with a better camera.",Verified,Negative
B07MF3Y8Y5,5,7-Mar-19,TRUE,2,Motorola,Motorola G6 (XT1925) 32GB GSM Unlocked Android Smartphone (AT&T/T-Mobile/Mint) - Black (Renewed),4.1,73,"Good phone, but battery doesnt hold up Only had the phone 1 month and it wont hold a charge very well.",Verified,Neutral
B071DQ128D,4,29-Oct-19,TRUE,0,Samsung,Samsung Galaxy S8 Plus (S8+) (SM-G955FD) 4GB RAM / 64GB ROM 6.2-Inch 12MP 4G LTE Dual SIM FACTORY UNLOCKED - International Stock No Warranty (MAPLE GOLD),4.1,112,La camara Bueno,Verified,Positive
B01N4E0RF1,1,6-Jun-19,TRUE,1,Samsung,Samsung Galaxy S7 - Black - 32GB - Verizon (Renewed),3.8,600,"Buyer beware not want you are expecting! Phone says it is locked to Verizon only, but when I took it to Verizon, they said it was not able to be activated. I knew I shouldn‚Äôt have bought a refurbished phone. BUYER BEWARE! You won‚Äôt get was you want. Total waste of time! If I could have left zero stars I would have.",Verified,Negative
B07H8Q3C9T,5,18-Feb-19,TRUE,0,Samsung,"Samsung Galaxy J2 Core 2018 International Version, No Warranty Factory Unlocked 4G LTE (USA Latin Caribbean) Android Oreo SM-J260M Dual Sim 8MP 8GB (Black)",4.1,300,"J2 core Equipo muy atractivo, lleg√≥ justo en la fecha indicada. Todo bien! 100% satisfecha .",Verified,Positive
B01D1J9BGU,5,28-May-16,FALSE,0,Samsung,Samsung Galaxy S7 Edge G935FD 32GB Unlocked GSM 4G LTE,3.8,783,Five Stars excellent i totally love it and the delivery is superb,Not Verified,Positive
B07HFHX6HX,5,12-Nov-19,TRUE,0,Samsung,Samsung Galaxy Note 8 N950U 64GB Unlocked GSM 4G LTE Android Smartphone w/Dual 12 MegaPixel Camera (Renewed) (Midnight Black),4.2,551,Good stuff Works great,Verified,Positive
B077YTCMH9,5,18-Mar-18,TRUE,0,Samsung,"Samsung Galaxy S7 EDGE G935V 32GB, Verizon/GSM Unlocked, (Renewed) (Black)",3.8,606,Five Stars Perfecto,Verified,Positive
B00WF988BW,5,20-Dec-18,TRUE,0,Samsung,Samsung Convoy 3 SCH-U680 Rugged 3G Cell Phone Verizon Wireless,3.7,264,It‚Äôs a phone! It‚Äôs a good standard flip phone.,Verified,Positive
B07WW25BSV,5,7-Nov-19,TRUE,4,Xiaomi,"Xiaomi Mi A3 128GB, 4GB RAM 6.1' 48MP AI Triple Camera LTE Factory Unlocked Smartphone (International Version) (Kind of Grey)",4.6,92,"The best Price/ Qulity Phone Excellent, the Amoled Screen, for me, is better than Redmo NOte 5 despite is 720p i can't notice this issue.",Verified,Positive
B01N9XOXCK,5,22-Jun-18,TRUE,3,Samsung,Samsung Galaxy S7 Edge G935V 32GB Gold - Verizon (Renewed),3.8,606,"No negatives! for me, it's all good I have had positive results from buying refurbished items, BUT I have found that you need to do your homework. Before I clicked ""Add to Cart"" I checked reviews and saw that DealFisher received positive reviews. I've had tablets for years but never really felt the need to own a smart phone. So I'm that ""odd bird"" who has the best tablet - and a Flip Phone! But it's summertime and I'm listening to a lot of Audible books while I'm outside. A tablet is just hard to keep up with. I knew I wanted a Galaxy S7, but didn't want to pay a high price. I was lucky enough to find the S7 Edge - at the right price - from a source who gets good reviews. I was not disappointed! It looks ""brand new"" - I'm very satisfied with the performance of the S7 and love that it's portable, so I can stick it in my pocket when I'm outside. I'm still running it from home wi-fi (not really excited about getting a bunch of 'love you' texts) - BUT I will choose a wireless network soon. Even though it boots up to Verizon I've read where I can choose the network I want. If you've read this far I'll give you another huge plus of phone versus tablet. I have Spectrum internet and take advantage of watching TV on a device. It is so nice to sit on the deck and catch up on today's news. Oh - and if you want one more reason to buy the S7 - it takes gorgeous photos. I do paper crafts. When I'm done with a project I take a photo so I can reproduce it later. I am so pleased with the results, I won't grab for my Nikon next time. OK, I'm done!",Verified,Positive
B06XGZHSBS,4,6-Aug-18,TRUE,0,Sony,Sony Xperia L1 G3313 16GB Unlocked GSM Quad-Core Android Phone - Pink,3.7,117,"I actually purchased 2 as a gift This is a great phone for this amazing affordable price.. Good camera, good screen and great for normal use. This is a real Review from a real customer, many fakes all over the place",Verified,Positive
B0787V183F,1,31-Jul-19,TRUE,0,Google,"Google Pixel 2 64 GB, Black Factory Unlocked (Renewed)",3.7,363,"Phone's camera does not work, battery drains rapidly, apps shut down or won't work at all Returning as the phone is defective",Verified,Negative
B002WTC1NG,5,26-Jul-13,TRUE,0,Motorola,Motorola Barrage V860 Phone (Verizon Wireless),3.6,352,"Exactly What We Needed! This product arrived in excellent condition, both cosmetic and operational! It was EXACTLY as described! I would suggest to anyone doing the same, though to order the extended life battery and door, as the battery that shipped with this phone was inadequate.",Verified,Positive
B07FZH9BGV,5,28-Nov-18,TRUE,0,Samsung,"Samsung Galaxy Note 9 Factory Unlocked Phone with 6.4"" Screen and 128GB (U.S. Warranty), Ocean Blue",4.1,873,Very satisfied Very satisfied,Verified,Positive
B006VH79R8,3,13-Mar-12,TRUE,7,Samsung,Samsung Replenish Prepaid Android Phone (Boost Mobile),3.7,84,"good i love my sansung replenish prepaid android phone,everything is there,and very easy to use,the problem is the battery,takes one day only,battery is good for one day only,i have always charge it,",Verified,Positive
B06XR8G1TX,5,8-Apr-18,TRUE,23,Apple,"Apple iPhone 6S, 64GB, Space Gray - Fully Unlocked (Renewed)",3.5,394,"Very pleased with this purchase... I‚Äôve had this phone for a couple of months now. This phone arrived on time (through Amazon Prime), in excellent condition and has been working great since.",Verified,Positive
B079C1K282,1,15-May-18,TRUE,13,Google,"Google Pixel 2 XL 64 GB, Black (Renewed)",4.1,254,"One Star I got a Verizon version, not unlocked.",Verified,Negative
B06X9HVVC5,5,3-Feb-18,TRUE,0,Sony,Sony Xperia XA1 G3123 32GB Unlocked GSM LTE Octa-Core Phone w/ 23MP Camera - White,3,232,Five Stars This phone is a great upgrade. I love the picture quality.,Verified,Positive
B07WSJYDXX,5,28-May-19,TRUE,0,Motorola,Motorola G6 ‚Äì 32 GB ‚Äì Unlocked (AT&T/Sprint/T-Mobile/Verizon) ‚Äì Deep Indigo - (U.S. Warranty) - PAAE0011US,3.9,836,"Great value for the price I don't live with my phone, but I use it frequently. It does everything I need it to do very well. I could not imagine why someone who just does everyday things with a phone would pay $600 - $700 more, except perhaps to get a bigger screen.",Verified,Positive
B06Y16RL4W,5,3-Aug-18,TRUE,0,Samsung,"Samsung Galaxy S8+ 64GB Factory Unlocked Smartphone - 6.2"" Screen - US Version (Midnight Black) - US Warranty [SM-G955UZKAXAA]",3.7,793,Good. Thanks Good. Thanks,Verified,Positive
B002UHS0UI,1,14-Jul-14,TRUE,2,Motorola,Verizon Wireless Motorola RAZR V3m - Silver,2.7,208,Its a pre paid phone so was unable to activate ... Its a pre paid phone so was unable to activate it through our provider. Wish I would have known :(,Verified,Negative
B06XS2GWFC,3,17-Jan-18,TRUE,0,Samsung,Samsung Galaxy J7 - Verizon Carrier Locked No Contract Prepaid Smartphone,3.6,381,Has issues with calls coming in delayed and some do ... Has issues with calls coming in delayed and some do not even register as coming in. Random lock ups for 10 minutes. It's slow after being rebooted.,Verified,Negative
B07D6TQP6F,1,4-Aug-19,TRUE,0,Apple,"Apple iPhone X, 256GB, Silver - For AT&T (Renewed)",3.9,436,"Damaged audio + Scratches Item was used, had scratch in front and several at the back. Mouth piece didn't work",Verified,Negative
B00F2SKPIM,4,30-Sep-16,TRUE,0,Samsung,"Samsung Galaxy Note 3, Black 32GB (Verizon Wireless)",3.9,983,Four Stars It's not very good at charging and has some issues but other than that it's a good phone,Verified,Neutral
B07NPRQYP1,5,30-Oct-19,TRUE,0,Motorola,Moto G7 Power - Unlocked - 64 GB - Marine Blue (No Warranty) - International Model (GSM Only),4,455,"Check carrier for LTE bands! This phone rocks! It does tend to freeze once in a while when running multiple apps, but thats any phone running 4G of ram or less. It's pretty durable, too. If it had 2 more gigs of RAM and was waterproof, I'd like it better than the Galaxy s9 plus I had before this phone.",Verified,Positive
B0172EEAQQ,5,11-Dec-17,TRUE,0,Nokia,"Nokia 105 RM-1135 Dual-Band (850/1900 MHz) Factory Unlocked Mobile Phone, Black, 2G Network Only.",2.9,127,Five Stars It works really well in Venezuela. Not sure why so cheap.,Verified,Positive
B06XW9RMYW,1,23-Jul-19,TRUE,0,Samsung,"Samsung Galaxy S7 Active G891A 32GB Unlocked GSM Shatter,Dust and Water Resistant Smartphone w/ 12MP Camera (AT&T) - Sandy Gold",3.5,160,NOT UNLOCKED Phone was not unlocked as advertised. Amazon offered no resolution.,Verified,Negative
B071VGLCRX,1,11-Jan-18,TRUE,8,Samsung,Samsung Galaxy S6 (SM-G920V) - 32GB Verizon + GSM Smartphone - Black Sapphire (Renewed),3.7,173,Poor customer service and product stops working Had phone for three months when it started asking for a SIM unlock code. Contacted current carrier and they said that the person that had the phone before probably stopped paying on it and that is why it is now locked. Called Kanga Supply and they refused to do anything since it was now out of the return window. Company is selling products as refurbished that stop working and do not provide customer service or back up their products for more than 60 days.,Verified,Negative
B01N4E0RF1,2,15-Dec-19,TRUE,0,Samsung,Samsung Galaxy S7 - Black - 32GB - Verizon (Renewed),3.8,600,"Not sure is buying refurbished is the way to go.... When on speaker phone, the person on the other end heard an echo and when using skype, the call would connect and immediately disconnect.",Verified,Negative
B01N9XOXCK,3,24-Jun-17,TRUE,1,Samsung,Samsung Galaxy S7 Edge G935V 32GB Gold - Verizon (Renewed),3.8,606,Phone worked great until my charging port broke Phone worked great until my charging port broke. Said it was wet (it wasn't) and then just stopped taking a charge.,Verified,Neutral
B07J4Z9647,4,18-Dec-18,TRUE,2,HUAWEI,"Huawei Mate 20 Lite SNE-LX3 64GB (Factory Unlocked) 6.3"" FHD (International Version) (Black)",4.4,422,"Check the model for NFC support Good phone overall. Quick response for daily use apps like Snapshot Facebook, YouTube ext. ... Decent camera. My only complain/dislike will be that depending on the Mate model it will not have NFC. Make sure you check the model, in my case the SNE-LX3 doesn't have NFC. Other than that so far im happy with my purchase. Oh and I do get AT&T LTE.",Verified,Neutral
B07QTLB1D9,4,3-Jun-19,TRUE,12,Nokia,"Nokia 4.2 - Android One (Pie) - 32 GB - 13+2 MP Dual Camera - Dual SIM Unlocked Smartphone (AT&T/T-Mobile/MetroPCS/Cricket/H2O) - 5.71"" HD+ Screen - Black - U.S. Warranty",3.3,24,"My review for the NOKIA 4.2 I needed a budget Android Smart Phone that was well built had good battery life and a useable version of Android. And the NOKIA 4.2 has all these things. Before I go any further with this review I need to clarify a few things. I did not need or want a phone to play music all day, stream movies or play games. I needed one that was a good phone send a few texts get onto the internet when I needed to and maybe take a picture now or then. This phone can also do those other things. But will it be as good as a 1,000.00 high end smart phone probably not. But if you are looking for an entry level unlocked smart phone for 189.00 it is probably one of the best. The way I use my phone it is very reliable and has fantastic battery life. And even better the only software on it when you get it is Android version 9. This is the first android phone that I have ever owned that I can truly say is easy to use. There is no bloatware and no one has screwed up the interface. The only thing you are going to find on this phone is what you put there. The one thing I do not like is I would like to be able to make it go loader when on speaker phone. I have not done any streaming or music with it. So you will have to find a different review for that. But if you are looking for a good phone to get you through your day this is it.",Verified,Positive
B009LRMQTG,5,2-Oct-14,TRUE,0,Motorola,Telcel America Motorola Pre-Paid Cell Phone - Motogo! EX431G - Black,3.9,196,Ring ring... I think this is a good starter phone for kids. It even has a camera which i did not think it had. It came with triple minutes. I have yet to prove that.,Verified,Positive
B07HK4JNV1,5,19-Apr-19,TRUE,1,Xiaomi,"Xiaomi Redmi Note 6 Pro 64GB / 4GB RAM 6.26"" Dual Camera LTE Factory Unlocked Smartphone Global Version (Black)",4.3,441,Amazing phone! I've had this phone for about a month now. I had a Galaxy S7 and this phone is a huge upgrade. The cameras are great. The screen is beautiful and huge and it's been fast enough for anything I can throw at it. I play pubg at the highest settings at 40fps and other games all at the highest at 50-60fps. I'm shocked with how amazing this phone is for this price. MIUI is pretty good and the themes are clean.,Verified,Positive
B06XRG6S73,5,7-May-19,TRUE,0,Apple,"Apple iPhone 6S, 16GB, Rose Gold - For AT&T / T-Mobile (Renewed)",3.7,379,Best purchase Bought this for my business. It works great. Cost effective. Best decision will buy more!,Verified,Positive
B00V7FY44A,5,10-Nov-15,TRUE,0,Samsung,"Samsung Galaxy S6 Edge, White Pearl 32GB (Verizon Wireless)",3.5,505,Five Stars LOVE LOVE LOVE this phone! Great price! Was easy enough to set up with a SIM card!,Verified,Positive
B004H23JXW,4,7-Jan-15,TRUE,0,Samsung,"Samsung Focus I917 Unlocked Phone with Windows 7 OS, 5 MP Camera, and Wi-Fi--No Warranty (Black)",3.4,349,"Another good samsung product I had this phone for about three years and enjoyed it very much. The flash is VERY bright. It takes good quality pictures when the flash is being used or when you are in a very brightly lit area. But again, the flash is VERY bright. I enjoyed the window's phone setup. I didn't much care for the marketplace. However, the phone itself is a very solid phone. I dropped it in my dog's water bowl..I let it dry out for a while and it worked! However, it was a bit glitchy after that but what do expect when it has been submerged in a bowl of water? I still use it to this day( even though I have a new phone) because its almost like having a very small computer. It was money well spent. If I hadn't dropped it in the water, and it was compatible with Verizon, I would still be using it.",Verified,Positive
B0787V183F,5,6-Apr-18,TRUE,0,Google,"Google Pixel 2 64 GB, Black Factory Unlocked (Renewed)",3.7,363,Works great I've had this phone for a few weeks now and haven't really encountered any bugs or problems. Seems to work and look like a brand new phone! Love the camera on the pixel 2 and that was the main feature I desired in this phone.,Verified,Positive
B01M1HY1E3,5,10-Oct-16,TRUE,94,Sony,Sony Xperia XZ F8331 32GB Unlocked GSM 4G LTE Phone w/ 23MP Camera - Mineral Black,3.6,249,"Great Design with Performance Color - Mineral Black I am transitioning from Oneplus 3 to Xperia XZ. I am satisfied with the performance my current phone but I am making this shift to XZ only for the design aspect and camera. I have been waiting so long for Sony to release an all rounder phone that can compete with other flagships in the market and this time they nailed it. Pros: Performance: Crisp and fast without any lag. Design: IMO, this is the best looking handset among the current flagships(including iphone 7 and pixel). It's been 3 days since I started using it, and it had already drawn attention from my friends. In one word it will put all the flagships to shame. Thumbs up for the mineral black color. Camera: Manual mode is a killer. Auto focus and video quality is also good. Indoor and low light shots are great if you can tweak little bit in the manual mode. Fingerprint sensor: If you can spend some time and flash the software with UK version, then you will probably unearth one of the amazing and effective finger print sensors in the market. It seems to respond faster than iphone6s, iphone 7 and oneplus 3. Display: Nothing to complain. Speakers: Dual speaker are really cool. SD Card: Not yet installed a micro sd card. So could not comment on that yet. Water proof: Have not tested and no intentions to do it. Cons: Battery: Its just satisfactory. I use my phone quite a bit during day(at least 2 hour talk time, 3 hours of listening music, 1 hour of bluetooth streaming in the car, 2 hours of browsing, social networking and video streaming combined). An extra 10% could have been better in my case. Wish list: Charging Time: Oneplus3 and Pixel has fast charge option that can charge 60% of the phone in 30 mins. I miss that feature in Xperia XZ. It usually takes 60 minutes for 60% charge. Overall: Sony has finally hit the cord by packing all the best and cool features into one single handset XZ. Be it camera, display, performance, fingerprint sensor or dual speakers it perfected each of those features. Price wise it is on the higher end of the spectrum competing with Samsung and Apple. Sony is a premium brand which uses finest materials. It is perceived as an upscale brand even before apple started working on it's ipods. At the same time I would not waste money if they deliver incompetent products(which is the case of some of their earlier xperias).But if a Sony product can compete with Samsung and Apple then I would not mind paying the premium. If you don't want to be one in millions using Iphones and Samsungs and yet do not compromise on quality and performance then the answer is ""Own an Xperia XZ"".",Verified,Neutral
B07H41NB46,4,21-Jul-19,TRUE,0,Xiaomi,"Xiaomi Pocophone F1 128GB Graphite Black, Dual Sim, 6GB RAM, Dual Camera, 6.18"", GSM Unlocked Global Model, No Warranty",4.3,237,"Cheap competitive phone and hotspot. I'm giving it 5 stars but, I've had issues with the wifi 2-3 times (I did everything to make it work, modem, etc...). I'm currently using it with Cricket and getting LTE almost everywhere, there's also a really good feature about this phone no one seems to mention, you can use it as a hotspot when needed! Go to settings tap under Access Point under the Bluetooth , set to 5Ghz change the password and you're set, you can disable the features at anytime with the scroll down settings.",Verified,Positive
B01M0PADR4,1,25-Dec-17,FALSE,1,Google,"Google Pixel XL G2PW210032GBBK Factory Unlocked Smartphone, 32GB, 5.5-Inch Display - U.S. Version (Quite Black)",3.4,429,"Replacement of faulty Pixel while abroad 2 months after Google shipped me the Pixel it started malfunctioning: it can't place or receive calls (everything else works). More specifically the phone will ring but you cannot hear or be heard. Unfortunately I had moved to France (from NYC) in the meantime to study for a year in Paris. The phone is in perfect condition, it is also under warranty and I had also bought insurance from ProjectFi. After spending hours doing all the possible repair options (including factory reset), chatting with customer service and writing endless emails over a month, Google asked me for a shipping address. I thought Google would finally come through and ship me a replacement phone. Here is their last answer: "" A replacement cannot be provided for in a country where Google does not sell the same device. We gave it a try, but we will not be able to process a replacement while you are in France. The Pixel is not sold by Google in France, and so there is no way to send a replacement in that country. Only thing we can do is wait for your return to the U.S., or check if a family member or friend can go through the replacement process for you."" If you happen to move temporarily outside of the 7 countries where Google sells the Pixel, you will not be able to receive any support regardless of whether the device they sold you is faulty. The only offer the internet giant can offer: you take the risk of shipping damage, customs delay, and bear the cost of shipping both ways internationally to a friend, give them your gmail password (great security!) and have them process the replacement from your google account...or you could wait months without being able to place a call till you return to the USA. I'll let the reader decide whether this is appropriate customer service...especially when ProjectFi advertises the convenience of their phone abroad.",Not Verified,Negative
B01M0PADR4,3,28-Dec-16,FALSE,6,Google,"Google Pixel XL G2PW210032GBBK Factory Unlocked Smartphone, 32GB, 5.5-Inch Display - U.S. Version (Quite Black)",3.4,429,"Three Stars Honestly I don't know what makes this phone worth $700, it's just another smartphone",Not Verified,Neutral
B076XLLCQC,5,24-Aug-18,TRUE,0,Samsung,Samsung Galaxy Note 8 N950 Factory Unlocked Phone 64GB Midnight Black (Renewed),4,891,"Five Stars Outstanding, as advertised.",Verified,Positive
B01M01YX15,4,19-Aug-18,TRUE,0,Google,"Google Pixel Phone - 5 inch display (Factory Unlocked US Version) (32GB, Quite Black)",3.5,302,Good item Packaging is fine and the item is new as expected,Verified,Positive
B0731HBTZ7,5,31-Jul-19,TRUE,0,Apple,"Apple iPhone 7 32GB, Rose Gold (Renewed)",3.8,452,iphone the battery was not the best,Verified,Negative
B01FJT7N4W,5,27-Jul-16,TRUE,1,Sony,Sony Xperia X F5121 32GB GSM 23MP Camera Phone - Graphite Black,3.8,200,worthwhile if you are sony fans Sony make believe great design doesn't feel hot after normal use battery can support 1.5 day normal use hope sony can unlock the fingerprint feature since there is actually a sensor though disabled by sony.,Verified,Neutral
B074N8N1V4,5,15-Jan-19,TRUE,0,HUAWEI,"Huawei Y5 Lite 2017 CRO-L23 5.0"" 4G LTE Quad Core 8GB 8MP Smarthphone Factory Unlocked (Grey) (International Version- No Warranty)",4.1,12,Good excelente Good,Verified,Positive
B079142R7Y,5,28-May-18,TRUE,1,ASUS,ASUS ZenFone Max Plus ZB570TL-MT67-3G32G-BL - 5.7‚Äù 1920x1080-3GB RAM - 32GB storage - LTE Unlocked Dual SIM Cell Phone - US Warranty - Silver,3.5,155,"Has most of the features of the more expensive phones. It's a great phone to say the least. I'm very happy with it. It's fast, has lots of cool features, the screen is great and I love the 32g of memory, no more 'you have to remove apps' msgs! Worth the money.",Verified,Positive
B07VPXDV59,5,19-Nov-19,TRUE,2,Samsung,"Samsung Galaxy A70 (128GB, 6GB RAM) 6.7"" in-Screen Fingerprint, 25W Super-Fast Charger, US + Global 4G LTE GSM Unlocked International Model A705MN/DS (Black, 128GB + 128GB SD + Case Bundle)",4.5,78,"Great phone for the price, easy to set up and deffenitely recommend it. I recommend this phone for anyone looking for a affordable device that competes with the newer devices on the market. It worked perfectly with t-mobile and was easy to transfer my data from my iphone 6. The phone does include a tempered glass already installed on the phone and the back didnt have a cheap plastic feel to it. The fingerprint reader isnt the best but the face recognition and pattern unlock do just fine. I absolutely love my new a70 and 100% recommend it.",Verified,Positive
B07PY52GVP,2,18-Sep-19,TRUE,0,Xiaomi,"Xiaomi Redmi Note 7, 64GB/4GB RAM, 6.30'' FHD+, Snapdragon 660, Black - Unlocked Global Version",4.4,630,Not work in usa Does not work in USA net work,Verified,Negative
B0775H5HJW,4,13-Jun-19,TRUE,1,Apple,"Apple iPhone X, GSM Unlocked, 256GB - Silver (Renewed)",3.8,139,Good product So far now issues.. just a couple minor scratches,Verified,Positive
B07QK32C8M,5,14-Aug-19,TRUE,0,Xiaomi,"Xiaomi Redmi Note 7 128GB + 4GB RAM 6.3"" FHD+ LTE Factory Unlocked 48MP GSM Smartphone (Global Version, No Warranty) (Space Black)",4.1,229,Perfect Perfecto,Verified,Positive
B01D1J9BGU,5,17-Oct-16,TRUE,1,Samsung,Samsung Galaxy S7 Edge G935FD 32GB Unlocked GSM 4G LTE,3.8,783,Five Stars Excelent phone very recomended seller,Verified,Positive
B00V7FY44A,1,22-Mar-17,TRUE,2,Samsung,"Samsung Galaxy S6 Edge, White Pearl 32GB (Verizon Wireless)",3.5,505,"DISAPPOINTED! We have been very disappointed in the phone. The lights on the bottom blinked off and on. I wasn't sure if this was typical for this type of phone or not. But it drove me nuts when just resting and not being used. The battery did not hold its charge for the day. In less than 3 months, the phone stopped working. Because of the time period, it is not returnable. We have purchased used phones through Amazon in the past. All have been successful. I would pay more for an I-phone knowing I can go to an Apple store and receive qualified trained help at anytime. Disappointed Customer.",Verified,Negative
B00F2SKPIM,5,16-Feb-14,TRUE,1,Samsung,"Samsung Galaxy Note 3, Black 32GB (Verizon Wireless)",3.9,983,Love it. I am enjoying the Note 3. I'm getting to find out more about how to use it all the time. I still haven't figured out how to delete my email such that they also delete in my primary yahoo account. I'm still learning. Would recommend this device to anyone.,Verified,Positive
B07WJJFKYW,5,11-Nov-19,TRUE,11,Motorola,"Motorola One Action - Unlocked Smartphone - Global Version - 128GB - Denim Blue (US Warranty) - Verizon, AT&T, T-Mobile, Sprint, Boost, Cricket, Metro",3.8,21,"Nice phone. Nice phone, especially for the price. Arrived next day, has a great camera, has more space than my last Motorola, and runs smoothly.",Verified,Positive
B072N3GKSM,1,6-Nov-18,TRUE,1,Google,"Google Pixel GSM Unlocked (Renewed) (32GB, Gray)",2.9,319,Phone stopped working after 5 months Outside of the warranty to return. Mic and speaker stopped working.,Verified,Negative
B071ZDQ6MV,5,14-Sep-17,TRUE,5,Nokia,Nokia 6 - 32 GB - Dual Sim Unlocked Smartphone (AT&T/T-Mobile/Metropcs/Cricket/Mint) - Update To Android 9.0 PIE - 5.FHD Screen - Blue - U.S. Warranty,3.7,558,"Mid range phone of the year When I heard about Nokia was going to release an Android phone, I knew I had to get it. The wait between the announcement in January and the release in August was the longest 7 months ever. Other phones tempted me with their earlier availability, but I am glad I waited. This phone is everything I expected and more. Top notch build quality. This phone is made from quality material and has a clean design that may be mistaken for a flagship. Pure Android is a joy on this phone. Additionally, HMD is very quick at releasing security updates, and they announced they will release the Oreo upgrade. The SoC is slower than others in this range, but if you don't play games on your phone it's fast enough. Wish it has a USB Type C port for future proofing.",Verified,Neutral
B075FL4H89,1,8-Jun-19,TRUE,0,Nokia,Nokia 3310 3G - Unlocked Single SIM Feature Phone (AT&T/T-Mobile/MetroPCS/Cricket/Mint) - 2.4 Inch Screen - Charcoal,3.4,497,"cannot really be a Nokia- nearly useless. Knockoff? This is much worse phone than the first Nokia I bought 20yrs ago. No predictive text- seriously? Dropped calls, terrible call quality. Nice looking and conceptually a good idea, but this is not Nokia quality at all. I firmly believe this is a knock off product. Not a real Nokia.",Verified,Negative
B01LY3OB8D,5,5-Jul-19,TRUE,0,Google,Google Pixel XL Phone 32GB - 5.5 inch display ( Factory Unlocked US Version ) (Very Silver),3.9,455,Awesome phone! :) I LOVE this phone! Everything works perfectly!,Verified,Positive
B0787V183F,5,15-Mar-18,TRUE,12,Google,"Google Pixel 2 64 GB, Black Factory Unlocked (Renewed)",3.7,363,"Fantastic price for a great phone! Fantastic price for a Google Pixel 2! Phone came like new, no scratches and works just fine. Easy to set up, just had to get a SIM card for it from Verizon (only $15). I took it to the store so they could help me get it installed. 20 minutes or less to get it set up! The phone did only come with a basic charger which is just fine that's what the listing stating. If you buy a brand new Pixel 2 it doesn't come with headphones just FYI. It would have been nice if this had come with a headphone adapter and the transfer adapter (if you're switching over from iPhone) but it's only $10 at Best Buy or even less on Amazon for each. So for saving $200+, I'll spend $20. The phone itself is awesome and easy to use/navigate. Display looks amazing and so does the camera. Having Google Assistant is great - provides you with sport stats you're interested in, weather, and driving times in your ""feed"". Amazing phone at a fantastic price. Thanks!",Verified,Positive
B06XRJQX91,5,1-Jul-19,TRUE,0,Apple,"Apple iPhone 6S, 64GB, Rose Gold - For AT&T / T-Mobile (Renewed)",3.6,427,Good Phone Good phone and good price.,Verified,Positive
B0767538YH,5,1-May-18,TRUE,2,Google,Google Pixel 2 XL 128GB Unlocked GSM/CDMA 4G LTE Octa-Core Phone w/ 12.2MP Camera - Just Black,3.7,66,Great phone from Google - no matter what they say Great phone from Google with stock Android updated to 8.1.0 once downloaded. Great for taking photos. Love the automatic backup to G-drive. I do have OneDrive auto backup setup too. Snappy performance. Nice size phone. Works both in US and Australia on LTE.,Verified,Positive
B018OMP8ES,5,18-May-16,TRUE,0,Samsung,Samsung Galaxy Note 5 SM-N920V Gold 32GB (Verizon Wireless),3.6,799,Five Stars it is new and amazing,Verified,Positive
B01N9YO1DS,1,25-Mar-19,TRUE,0,Apple,"Apple iPhone 7, 128GB, Gold - For AT&T / T-Mobile (Renewed)",3.5,227,My Iphone comes with a hard problem. I received the defective phone on the board that inviabiized the microphone and I can not use the phone for its main function that is to speak. I Wanted to know how to return it and get my money back. I Bought the device for delivery in the U.S.A. but brought to Brazil that's where I live. Now I'll have an extra charge to remit the device back.,Verified,Negative
B07DF9R73K,1,16-Dec-18,FALSE,2,Sony,"Sony Xperia XZ2 Premium Unlocked Smartphone - Dual SIM - 5.8"" 4K HDR Screen - 64GB - Chrome Black (US Warranty)",4.1,75,"Despues de 2 meses de haber comprado este articulo aun no me llega a mi direccion. este articulo aun no me llega a mi direcci√≥n despu√©s de haber hecho el pago hace 2 meses. No he tenido respuesta por parte de Amazon ni por parte de UPS, aun sigo esperando. Estoy muy decepcionado por esta compra y del servicio de seguimiento por parte de Amazon en la respuesta a esta entrega. Es una lastima que me encuentre tan frustrado y desilusionado es una compra de USD 999 D√ìLARES, lo cual es una cantidad muy considerable en esta compra. Mi opini√≥n es muy mala y espero que pronto pueda tener una respuesta. en verdad estoy muy decepcionado por la atenci√≥n y mal servicio en darme la informaci√≥n correcta. e levando un reporte de Investigaci√≥n ante UPS y desde hace 4 semanas aun no tengo respuesta del mismo.",Not Verified,Negative
B002WTC1NG,5,10-Oct-12,TRUE,0,Motorola,Motorola Barrage V860 Phone (Verizon Wireless),3.6,352,Just what I needed Lost cell phone and still have 6 mos to go on contract. This phone fits the bill for what I needed on this line. In good shape with new charger. Working fine.,Verified,Positive
B07HD3QC65,1,10-Feb-19,TRUE,10,Nokia,"Nokia 7.1 - Android 9.0 Pie - 64 GB - Dual Camera - Dual SIM Unlocked Smartphone (Verizon/AT&T/T-Mobile/MetroPCS/Cricket/H2O) - 5.84"" FHD+ HDR Screen - Steel - U.S. Warranty",3.3,484,"Phone only lasted two months Nokia 7.1 was purchased at launch in November, but by mid-January, a Google security update corrupted the phone's OS and now the phone is stuck permanently in Download Mode. No combination of buttons has been successful in a recovery process, and the phone isn't recognizable when plugging it into my PC. It does charge, though. Contacting Nokia support multiple times has always led me to the same response: ""we'll need it delivered."" The real kicker is that there aren't any Nokia Care Centers in my country, so Nokia won't accept my phone for repairs! Fortunately, I contacted Amazon regarding this issue and it has been settled. ---Check whether or not Nokia can fulfill their warranty on this phone before buying. In my case, they couldn't. ---Be wary of a phone that gets possibly hazardous updates from Google. This feels like one of those times where Android One backfired. Anyway, during those two months when the phone was still functional, there are a few things that are worth mentioning. 1) The actual build quality is superb. No screws anywhere in sight, the copper accent (on the Steel color option) is gorgeous as it reflects light. Glass back. Feels very premium. Slap a protective case on it asap because it's slippery. 2) The battery isn't very good. With minimal use, the phone would be down to 32% before going to bed. 3) The screen is very clear and very crisp. Not too bright during day time, but colors definitely pop when you're indoors. HDR display is real. 4) The camera is painfully average. So, it's an acceptable budget phone with certain compromises. However, I can't recommend it if others are going to have longevity issues similar to mine. Have a good day!",Verified,Negative
B00D99ZBR6,3,24-Apr-14,TRUE,0,Samsung,Samsung Galaxy Prevail II (Boost Mobile) (Discontinued by Manufacturer),3.5,314,Short life span Worked fine out of the box and for the first month or so but started to hear echos and the phone itself would spaz out and not let you answer a call that was clearly showing up. It's not a horrible phone but for the price I'm very disappointed in Samsung for putting this out there. We switched it out with an SIII.,Verified,Negative
B07P8MQHSH,5,22-Dec-19,TRUE,0,Google,Google - Pixel 3 with 64GB Memory Cell Phone (Unlocked) - Just Black,4,157,Must buy product! Excellent product. Must buy. Thank you Google,Verified,Positive
B002UHS0UI,5,2-Mar-16,TRUE,0,Motorola,Verizon Wireless Motorola RAZR V3m - Silver,2.7,208,Five Stars Phone was the talk of the store!,Verified,Positive
B07D6TQP6F,3,25-Jul-19,TRUE,7,Apple,"Apple iPhone X, 256GB, Silver - For AT&T (Renewed)",3.9,436,"Camera shutter sound won't turn off, even when the phone is muted and all sound settings are off The phone arrived right on time and in great condition. The charger that was included worked great. However, I think this phone must be from Korea or Japan, where it's apparently illegal to take digital photos without an audible shutter click. There is absolutely no way to turn off the sound, even when the phone is muted and the volume is turned all the way down. It happens in every major application that uses the camera. As an art student, I take TONS of pictures, and the camera is the primary reason why I got the iPhone X. I took it to multiple IT stores where they told me to either return the phone or to jailbreak it to rewrite the lines of code that affect the feature (and jailbreaking voids any warranty or service that Apple offers). I'm returning it because it's too big of a hiccup to work around (can't take pictures in a wedding/library/quiet setting at all...!). Ideally, they should make sure that the country of origin is taken into consideration before selling someone a product if it's going to be such a major feature difference. TLDR: nice phone, in great condition, good price, came on time, but this particular phone is unusable for anyone who likes to take pictures",Verified,Negative
B07BFCZYRM,5,7-Jun-19,TRUE,0,Samsung,Samsung Galaxy S9 Plus Verizon + GSM Unlocked 64GB Midnight Black (Renewed),4.2,355,Go Samsung This phone is awesome battery life is excellent and screen is amazing .,Verified,Positive
B00OEK6TWU,1,11-Sep-15,TRUE,0,Samsung,Samsung Galaxy Note 3 N900A 32GB Unlocked GSM Octa-Core Smartphone w/ 13MP Camera - Black,3.6,431,One Star malo,Verified,Negative
B077578W38,2,16-Dec-19,TRUE,0,Apple,"Apple iPhone X, Unlocked 5.8"", 64GB - Space Gray (Renewed)",3.9,442,Phone has a few scratches The phone has scratches on the front and back,Verified,Negative
B00HPP3QD6,1,9-Nov-15,TRUE,1,Motorola,Moto G - Verizon Prepaid Phone (Verizon Prepaid Only),4,773,One Star The first one we tried didn't work worth a fk...now I'm worried about the other 3...,Verified,Negative
B06XZRH5ZC,5,12-Jun-19,TRUE,0,Samsung,Samsung Galaxy S8 64GB Unlocked Phone - International Version (Maple Gold),4,117,Good one Great,Verified,Negative
B00VQQ294C,2,21-Dec-18,TRUE,0,Apple,Apple iPod Touch 16GB (5th Generation) - Space Gray (Renewed),2.8,60,I need my money back Didnot like it,Verified,Negative
B01FIW1B9S,5,30-Dec-17,TRUE,5,Samsung,Samsung Galaxy S7 G930T 32GB T-Mobile - Black,3.8,194,"S7 is the best used phone deal on the planet I wanted to upgrade from a Samsung S3 to get a better phone and specifically a better camera. After researching online, I narrowed my choice to two phones (refurbs), the Samsung S7 or the Google Pixel. The Samsung S7 won out on price. The google pixel would have cost me considerably more for a used phone. It's difficult to beat a lightly used S7 for $230, free shipping and a 30 day warranty. I ordered this used S7 with a little trepidation. Would the phone be in good condition? Would there be any problems with the phone or difficulty transitioning? Would I like or love the S7? The remainder of this review addresses those questions. The phone was in very good condition. Minor if any use. My partner has an S7 a few years old, and this phone I ordered looked to be in better condition. There were no problems with the phone in terms of hardware. The phone was ready for setup. The transitioning was a little long winded and scary. The phone setup asks for my old google and Samsung account id's and passwords I may have used from my own phone. After fiddling around for while, I created a new Samsung account and figured out my old Google account. I also had to look up the email settings on my old phone to get the email set up correctly. After an hour or so, I was able to make calls, send messages and retrieve emails. This S7 obviously hadn't been used for a while, because it took several hours of updates to get the Android and Samsung software current. I decided to do these updates myself all at once, rather than schedule them at night. It took several hours to go through the downloads, installs and probably 7 or 8 restarts. I did this while I was updating my FB status on my PC :) The phone itself is great. It's fairly snappy and the screen quality (especially at the highest setting) really looks good. The ""always on"" is nice. The phone displays the date and time when not in use (I have a phone holder in my office so now it's my clock and calendar). Very nice camera on the phone. Takes pretty decent low light photos most the time, but some can be out of focus in very low light. Have to keep snapping until you get the one you want. In normal indoor or bright light the phone doesn't struggle at all. My only slight nitpick is the battery life isn't outstanding. If you want to get more than a day of battery life you have to choose a medium or lower screen resolution and energy saving options. This is definitely a phone you really need to leave in the charger at night. All in all, the S7 is the best deal on the planet for a used phone.",Verified,Neutral
B076QKMQ81,5,29-Jul-18,TRUE,1,Google,Google GA00139-US Pixel 2 64GB Just Black Verizon Wireless Smartphone,3.7,23,5 stars Amazing phone,Verified,Positive
B06XGZHSBS,1,6-Jan-18,TRUE,1,Sony,Sony Xperia L1 G3313 16GB Unlocked GSM Quad-Core Android Phone - Pink,3.7,117,DON'T EVER TAKE SOMETHING THAT IS A BAD IDEA! Horrible!,Verified,Negative
B01ATTBXY8,2,3-Feb-17,TRUE,2,Motorola,Motorola Droid Turbo - 32GB Android Smartphone - Verizon - Black (Renewed),3.8,209,My phone is working perfectly fine except for the fact that the mic will not ... My phone is working perfectly fine except for the fact that the mic will not work at all. I have tried everything to get it to work but it will not work. I am refunding and if there is a good and tested phone ready I will buy again.,Verified,Negative
B07QCCW5KB,5,10-Sep-19,TRUE,0,Xiaomi,"Xiaomi Redmi 7 32Gb+3GB RAM 6.26"" HD+ LTE Factory Unlocked GMS Smartphone (Global Version, No Warranty) (Eclipse Black)",4.4,146,"Great value for the price I bought the phone for my kids and they loved. Good cameras, very fast and deal well with games. Very large and robust screen and has a great visual aspect. Its impossible to buy something better for the money.",Verified,Positive
B07FZH9BGV,4,7-Jan-19,TRUE,1,Samsung,"Samsung Galaxy Note 9 Factory Unlocked Phone with 6.4"" Screen and 128GB (U.S. Warranty), Ocean Blue",4.1,873,Great price combo Bought this as a xmas gift. The stores weren't offering any deals off this phone. I received the phone and echo show 2nd generation. Happy with both!,Verified,Positive
B01FJT7E3M,3,6-Dec-16,TRUE,11,Sony,"Sony Xperia XA Ultra (F3213) 4G LTE Unlocked GSM Phone w/ 6‚Äù Borderless Display, 21.5MP+16MP Cameras, Octa-Core CPU - White",3.6,441,"A decent budget mid-range phone with a big, beautiful screen. Before I decided to buy this phone, numerous reviews and researches had been done. Then this phone became my final choice. This is a decent phone. There are quite a few concerns online over the battery, screen resolution, and the main camera's lack of optical image stabilizer. Well, I'd like to say that after having this phone for couple of days, the only thing I don't find entirely satisfying is the main camera. Although it comes with 21.5 mega pixels, the quality of the photos really isn't any better than the main camera on the LG G3, which has 13 mega pixels. The 1920x1080p screen is great, and sometime can be rather too bright, but such problem can be taken care of by dialing the brightness down several notches. Battery wise, when it's fully charged, two 120mins movies on Netflix, 20 plus photographs taken with flash, on and off web browsing, numerous text messages exchange on two messengers, all done in the time span of 7 hours, can be sustained by the battery with still 8% left. It also doesn't take more than two hours to fully charge the battery, despite some reviews online. I have noticed that it has taken about a minute to charge a little more than 1% of the power. From 3% to 100%, the battery on my phone took about 93 minutes. Another thing is that I have watched a review on You Tube about somebody claiming that this phone doesn't allow apps to be saved on the additional memory card. Well, I have no problem transfer most of my apps on to the SD card, so just for the reference. Anyway, for a mid-range phone at this price, it is not bad. Update on Decembter 29.2016: It's been a few weeks since I started using this phone, and I have noticed several problems. 1. The SD card reader often malfunctions for no apparent reason. I had to take the card out of the slot, and reinsert again in order to get the phone to read the card again. 2. Video recording always stops on its' own within seconds after being turned on (in 1080p mode). 3. Some Sony bloat wares can not be uninstalled, or even disabled. 4. Keyboards often retract during typing. I have been dedbating whether to return this phone. While the screen resolution, built quality, and design are top notch, the functionalities are just mediocre.",Verified,Neutral
B0731HBTZ7,5,14-Oct-19,TRUE,0,Apple,"Apple iPhone 7 32GB, Rose Gold (Renewed)",3.8,452,Perfect Love this,Verified,Positive
B01MZG55UE,1,13-Jun-17,TRUE,2,Samsung,"Samsung Galaxy S6, G920P White Pearl 32GB - Sprint (Renewed)",3.1,124,Could not activate I purchased this phone because it advertised that it was Sprint Compatible. I brought the phone to a Sprint store and they were unable to activate this phone. That is why it gets 1 star.,Verified,Negative
B06XY93RFQ,3,22-Dec-17,TRUE,11,Samsung,Samsung Galaxy Note 4 N910v 32GB Verizon Wireless CDMA Smartphone - Frosted White (Renewed),3,116,"Great phone at a low price, change the battery brand. The Galaxy Note 4 has features that are close to the Galaxy Note 8. The screen resolution, bluetooth version, removable battery are a good upgrade from my Galaxy S5. Like the noncurved flat screen since I place the phone into grip stand holders. No water resistance. Problem I have is with the Samsung brand batteries that ship with this phone even though the phone and Battery should have been recertified to work correctly. I've had to exchange this phone and each included a Samsung brand battery that caused the boot-looping. The Samsung battery would charge up to 100%, but when the charge is below 30%, bootlooping occurred and at different times even sooner. Therefore forcing me to pull the battery out from the phone to stop the reboots where I can recharge the battery. After weeks of troubleshooting and phoning Samsung tech support, the solution was to buy a ZeroLemon brand battery or any 3rd party battery and not the Samsung brand; as history has shown how faulty Samsung batteries can be. The batteries come with the built-in NFC antenna. So make sure you test the wireless NFC is working on the replacement battery for data transfers and also Yubi-Key tokens, if you use security tokens for Two-Factor Authentication. This phone would be better if it could use the latest Samsung software to do language translation like in the Galaxy 8 line. So I have to make do with Google Translate app. The phone over all works well and has a removable battery and infrared blaster. If you buy this phone, then make sure the first thing you do is to charge up the battery and press the three buttons to do a hardware reset in order to put the phone software back to factory default settings, because my phone had ""Welcome to AT&T"" email or text saved on phone when, in fact, I had a Verizon branded logo on the phone startup screen and Verizon removable back cover. I had ordered the Verizon CDMA variant to use with Net10 service on Verizon cell tower network coverage. Has Verizon bloatware apps. Then setup WiFi only, don't insert the micro SIM chip until after you can test battery and NFC and transfer data/apps from old phone to new phone using Samsung Smart Switch, latest version of Samsung Kies does not want to work with newer phone model like Note 4. The Kies backup program has its own quirks on how much data it will restore and transfer. Good luck with your phone. I knocked off two stars on the rating because of the difficulty I went through weeks to troubleshoot the phone and buy separate batteries. The basic phone itself is good and a lot cheaper than the latest thousand-dollar Galaxy 8 phones.",Verified,Neutral
B07W166JW7,5,19-Dec-19,TRUE,0,Samsung,"Samsung Galaxy A50 128GB, 4GB RAM 6.4"" Display, 25MP, Triple Camera, Global 4G LTE Dual SIM GSM Factory Unlocked A505G/DS - International Model (Blue, 128 GB)",4.7,4,"Great phone for the price I truly love this phone! It works great with T-Mobile and the speed is excellent! I am very happy with my purchase. This is a great company to buy from. The phone comes with free ear pieces and 128 GB free SD card, making the phone a whopping 256 GB. Absolutely the best deal I had for Christmas.",Verified,Positive
B077YTCMH9,5,29-Jan-18,TRUE,0,Samsung,"Samsung Galaxy S7 EDGE G935V 32GB, Verizon/GSM Unlocked, (Renewed) (Black)",3.8,606,Great quality and fast shipping Looked brand. Great quality and fast shipping.,Verified,Positive
B071DQ128D,2,30-Aug-17,TRUE,2,Samsung,Samsung Galaxy S8 Plus (S8+) (SM-G955FD) 4GB RAM / 64GB ROM 6.2-Inch 12MP 4G LTE Dual SIM FACTORY UNLOCKED - International Stock No Warranty (MAPLE GOLD),4.1,112,"Great phone, was not compatible with Verizon network Great phone, was not compatible with Verizon network. They said some unlocked international work, some don't, it depended on the SIM EISN # . Not having access to the specific number who can check? My last unlocked international Samsung the S6 Edge+ worked just fine, this one did not... Buyer beware",Verified,Negative
B013XAPUW6,5,14-May-16,TRUE,1,Samsung,"Samsung Galaxy Note 5, Black¬† 64GB (Verizon Wireless)",3.6,799,"So much faster and smoother than note 4. Love it. So much faster than note 4, and I don't mind that it doesn't have a removable battery or an SD card. Just make sure you get the 64gb if you need more storage. If you have more than that you should get a storage account.",Verified,Positive
B01D1J9BGU,5,10-Jan-18,TRUE,0,Samsung,Samsung Galaxy S7 Edge G935FD 32GB Unlocked GSM 4G LTE,3.8,783,Five Stars very good quality,Verified,Positive
B07WSJYDXX,5,27-Nov-18,TRUE,2,Motorola,Motorola G6 ‚Äì 32 GB ‚Äì Unlocked (AT&T/Sprint/T-Mobile/Verizon) ‚Äì Deep Indigo - (U.S. Warranty) - PAAE0011US,3.9,836,"Wat a deal! Looking for a replacement for my Samsung that quit taking a charge. Did not want to spend several hundred dollars on a replacement. This Motorola rated very well in reviews. Very happy so far, battery life is great and it has all the features I need in a phone. The price was great, under $200!",Verified,Positive
B011AC4U7A,1,28-Jan-17,TRUE,4,Samsung,Samsung Galaxy S6 G920T 32GB Unlocked GSM 4G LTE Octa-Core Android Smartphone w/ 16MP Camera - Black,3.3,142,DO NOT BUY!!!!!! NO STARS! Original owner never paid for phone. T-mobile could not activate phone due to a lack of payment by original owner. We are awaiting refund......,Verified,Negative
B0096QYH80,5,8-Feb-15,TRUE,0,Motorola,"Motorola Droid RAZR M XT907 Verizon Wireless, 8GB, White",3,488,Five Stars Very good,Verified,Positive
B00OEK6TWU,5,4-May-15,TRUE,0,Samsung,Samsung Galaxy Note 3 N900A 32GB Unlocked GSM Octa-Core Smartphone w/ 13MP Camera - Black,3.6,431,great buy Great phone. Still learning how to to use all the wonderful features.,Verified,Positive
B00WF988BW,5,11-Dec-19,TRUE,0,Samsung,Samsung Convoy 3 SCH-U680 Rugged 3G Cell Phone Verizon Wireless,3.7,264,Excellent Excellent,Verified,Positive
B07RWFC6NY,5,15-Dec-19,TRUE,0,Samsung,"Samsung Galaxy A70 128GB/6GB SM-A705M/DS 6.7"" HD+ Infinity-U 4G/LTE Factory Unlocked Smartphone (International Version , No Warranty) (Blue)",4.4,586,Dont need the galaxy S10 or any note Had some problems when I first started using this phone with the wifi connecting but it resolved itself after a couple of reboots. This phone is top class for a mid range phone.,Verified,Neutral
B07RWFC6NY,2,22-Sep-19,TRUE,1,Samsung,"Samsung Galaxy A70 128GB/6GB SM-A705M/DS 6.7"" HD+ Infinity-U 4G/LTE Factory Unlocked Smartphone (International Version , No Warranty) (Blue)",4.4,586,May have gotten a defective phone I‚Äôm just getting the time to review this phone bought it for a friend and now apparently it‚Äôs not turning on and I‚Äôm all the way back home in Jamaica . But it seemed to have been a nice phone . Wasted my money,Verified,Negative
B071ZDQ6MV,3,26-Sep-17,TRUE,2,Nokia,Nokia 6 - 32 GB - Dual Sim Unlocked Smartphone (AT&T/T-Mobile/Metropcs/Cricket/Mint) - Update To Android 9.0 PIE - 5.FHD Screen - Blue - U.S. Warranty,3.7,558,"Would probably buy something else I ordered this phone on the first day that it was released. Prior to purchasing this Nokia device, all four of my smartphones were Windows devices. My Lumia 950 suffered a premature death, so my best option was to move to Android or Apple since the entire Windows Phone platform also died. I've used Android tablets before, so I knew a little bit about what to expect with an Android device. This device has been a bit more glitchy than my Windows phones. I'm not sure if its because Android is more open and customizable, or if it relates specifically to the Nokia 6. Overall, this phone is a great value. It looks great and is built solidly. This was my draw over spending double or more for a Samsung device. It can be a bit sluggish while running multiple apps, but it's not too noticeable. I gave this phone a three-star rating based on two major drawbacks: the call quality is poor and choppy in cars, and the widgets keep disappearing. The widget issue was finally solved by enough system updates and/or using a new launcher application. But in the end, a phone's basic function is to place and receive calls, and if I can't use hands-free bluetooth without suffering poor call quality, then this phone leaves much to be desired.",Verified,Negative
B07V5KS95Y,5,6-Nov-19,TRUE,0,Samsung,"Samsung Galaxy Note 10+ Plus Factory Unlocked Cell Phone with 512GB (U.S. Warranty), Aura Black/ Note10+",4.3,475,"Love this cellphone 1st time having a Samsung phone, love it",Verified,Positive
B07Q6ZNJNT,5,17-Oct-19,TRUE,0,Samsung,Samsung Galaxy A10 A105M 32GB Duos GSM Unlocked Phone w/ 13MP Camera - Blue,4.2,411,Good Good so far,Verified,Positive
B01NC2MEJP,5,21-Feb-19,TRUE,0,Samsung,Samsung Galaxy Note 5 32GB GSM Unlocked - Black (Renewed) (D132),3.2,301,I highly recommend upgrading through this company Re-Cell is an excellent company with top-notch customer service. Their products match the quality of the employees that run the operation.,Verified,Positive
B07VB9MMMW,5,3-Nov-19,TRUE,0,Xiaomi,"Xiaomi Mi A3 64GB, 4GB RAM 6.1' 48MP AI Triple Camera LTE Factory Unlocked Smartphone (International Version) (Kind of Grey)",4.5,252,Fluido Buena relaci√≥n calidad precio,Verified,Positive
B0787V183F,5,17-Feb-18,FALSE,6,Google,"Google Pixel 2 64 GB, Black Factory Unlocked (Renewed)",3.7,363,"Perfect phone , looks like new! Everything included! Worked excellent, looks like it's a new phone. Still had the plastic on the screen and no signs of refurbishment at all. Came with all the OEM accessories as well except no ear buds. Happy customer!!",Not Verified,Positive
B01N9XOXCK,1,27-Feb-19,TRUE,0,Samsung,Samsung Galaxy S7 Edge G935V 32GB Gold - Verizon (Renewed),3.8,606,Que est√° raspado Este tel√©fono diske como nuevo tiene pelada la parte de abajo,Verified,Negative
B077YTCMH9,5,5-May-19,TRUE,0,Samsung,"Samsung Galaxy S7 EDGE G935V 32GB, Verizon/GSM Unlocked, (Renewed) (Black)",3.8,606,Works like new. No issues on Verizon Works like new. No issues with Verizon. Fingerprint reader hard to use and program,Verified,Neutral
B07WSJYDXX,5,1-Feb-19,TRUE,0,Motorola,Motorola G6 ‚Äì 32 GB ‚Äì Unlocked (AT&T/Sprint/T-Mobile/Verizon) ‚Äì Deep Indigo - (U.S. Warranty) - PAAE0011US,3.9,836,Great first phone and a very good gift Great phone although I'd reccomend til the G7 comes out,Verified,Positive
B00MWI4KKE,5,29-Dec-15,TRUE,0,Motorola,"Motorola Moto X (2nd generation) XT1097 GSM Unlocked Cellphone, 16GB, Black Soft Touch",3.5,428,"This is my forth smart phone, started with a Motorola Spice Key (keyboard ... This is my forth smart phone, started with a Motorola Spice Key (keyboard <3), then went to some second hand LG, then Moto G 2014. This is the first one that I feel alleviates my need for a paper notebook. This and the Spice Key are the two I feel comfortable calling a tool. Note on usage: I use this and the previous phones listed more as a small tablet (Spice Key as a PDA) than a phone and I've always had another device I use as a phone.",Verified,Positive
B07VZL3L5V,5,26-Nov-19,TRUE,0,Samsung,"Samsung Galaxy A20 US Version Factory Unlocked Cell Phone with 32GB Memory, 6.4"" Screen, [SM-A205UZKAXAA], 12 Month Samsung US Warranty, GSM & CDMA Compatible, Black",4.4,915,It's great Everything,Verified,Positive
B0788F8DKC,5,1-Mar-19,TRUE,0,Samsung,Samsung DeX Wireless Qi Desktop Charging Dock Station EE-MG950 Galaxy S8 + Note8 (Renewed),4.2,63,"Love it Easy to use, really like using it",Verified,Positive
B00E6FGSHY,2,23-Feb-15,TRUE,0,Samsung,"Samsung Galaxy S4, White Frost 16GB (AT&T)",3.7,641,"I am disappointed with this purchase Bought on Amazon new, I have had issues with the camera and pictures. 95% of the pictures I have taken end up corrupt and I lose them. As I didn't buy this phone from my carrier they will not even look at my phone. I am disappointed with this purchase, guess my next phone will be a go phone.",Verified,Negative
B0096QYH80,1,16-Apr-15,TRUE,0,Motorola,"Motorola Droid RAZR M XT907 Verizon Wireless, 8GB, White",3,488,One Star broke after a week and returned to seller,Verified,Negative
B07KKL5KGG,5,19-Dec-19,TRUE,0,Apple,"Apple iPhone XS, 256GB, Gold - Fully Unlocked (Renewed)",3.9,198,Quality phone with no flaws Solid phone. Easy set up. No issues with it being unlocked. No marks. No flaws. Battery lasts all day with lots of active use.,Verified,Positive
B07QQYHSR5,5,9-Sep-19,TRUE,1,Samsung,Samsung Galaxy A50 A505G 64GB Duos GSM Unlocked Phone w/Triple 25MP Camera - Blue,4.2,706,New A50 awesome phone great buy I was torn between getting an S8 used or a Note 8 but went with the A50 instead and I'm extremely happy with its capabilities great choice and best phone for under 300 hands down,Verified,Positive
B07G8VPHG3,5,17-Aug-19,TRUE,1,Xiaomi,"Xiaomi Mi A2 Lite (64GB, 4GB RAM) 5.84"" 18:9 HD Display, Dual Camera, Android One Unlocked Smartphone - International Global LTE Version (Gold)",4.3,149,"Great Smartphone in this price category! I got the Mi A2 lite after my nexus 5x broke in a traffic accident. I wanted Stock android and a great battery life. I get an average of about 8.5 hrs of screen on time and even more if i take out one of the 2 sim cards. This phone also has great developer support on XDA, I Flashed a custom Kernel, Google GCam Port, and Magisk. and i have the phone exactly how i want it and i love how Xiaomi supports custom development and making available the mi flash tool and the source firmware to recover the phone if you mess up while tinkling with it. The only thing i dont like the micro USB port because i was spoiled by usb type-c in my nexus 5. However because the battery last so long i dont have to charge often and dont have to fiddle with the orientation as much. Great phone! recommend if you dont want a huge phone to handle it easier.",Verified,Positive
B00836Y6B2,1,24-Sep-13,FALSE,3,Nokia,Nokia Lumia 900 Black Factory Unlocked,3.2,929,"techs don't buy This phone is for old people who and people not tech savvy. I bought this phone and it sucks. Your limited with apps, You can't change the message ringtones to an customized tone. It is for people who are learning technology. I have a clue with technology and I feel stupid using this phone. On the plus side, this phone is really sturdy. The camera takes great pictures.",Not Verified,Negative
B00D99ZBR6,5,28-Mar-14,TRUE,0,Samsung,Samsung Galaxy Prevail II (Boost Mobile) (Discontinued by Manufacturer),3.5,314,"So Far So Good I received my phone about a month ago but didn't activate it until two weeks later because I kept forgetting to go and switch my number to my new phone however now that I did don't see why I didn't do it sooner love the phone and everything about it ,it's fast , easy to use, and has alot of little extras that my old phone didn't have so thats why I say so far so good.",Verified,Positive
B00CS2ZWKQ,5,12-Dec-15,TRUE,1,Nokia,Nokia Lumia 925 (RM-893) 4G LTE Windows 8 Smartphone GSM Unlocked,3.2,94,Five Stars Extremely good for Windows. Enjoyable,Verified,Positive
B078WZ86Y9,1,29-Dec-18,TRUE,1,Apple,"Apple iPhone 7, 128GB, Red - For AT&T / T-Mobile (Renewed)",3.3,58,Messed Up It's not the phone in the picture and I didn't realize until it was already being shipped.,Verified,Negative
B07536MYBQ,5,6-Dec-19,TRUE,0,Samsung,Samsung Galaxy Note8 N950U 64GB Unlocked GSM LTE Android Phone w/ Dual 12 Megapixel Camera - Midnight Black,3.9,546,Neat. Great Phone.,Verified,Positive
B01CYYYRNK,4,24-Dec-18,TRUE,0,Samsung,"Samsung Galaxy S7 SM-G930A AT&T Unlocked Smartphone, (Black Onyx)",3.1,394,A good buy for the money and the quality of the phone seems really good too. Wanted to replace my old phone a Samsung 3 which was totally out-of-date. Am pleased with this purchase. Won't know about the battery for a while. Screen quality is good. Photos seem good too.,Verified,Positive
B00836Y6B2,1,10-Oct-13,TRUE,1,Nokia,Nokia Lumia 900 Black Factory Unlocked,3.2,929,"Not unlocked phone - Disappointed with this purchase from BREED I Ordered Nokia Lumia 900 16GB Unlocked GSM Phone with Windows 7.5 OS, AMOLED Touchscreen, 8MP Camera, GPS, Wi-Fi, Bluetooth, FM Radio - Cyan Blue from BREED. But i got this phone with AT&T Carrier. Doesnt seem to be unlocked phone.",Verified,Negative
